Cluster,0,1
0,0.3721372701007681,0.6278627298992319
1,0.23980594448538442,0.7601940555146156
2,0.8022362253131484,0.1977637746868516
