Cluster,HighBP,HighChol,BMI,Smoker,Stroke,HeartDiseaseorAttack,PhysActivity,GenHlth,MentHlth,PhysHlth,DiffWalk,Age,Education,Income,Diabetes_Risk_Rate
0,0.8874638855612712,0.6929744204073004,30.37643576914946,0.5122260587696428,0.045204707208794305,0.1580226904376013,0.7318370798393348,2.7921922345148333,1.4745965752942005,2.1661968853498696,0.13054048340497498,9.821577055880487,4.898351067578043,5.803607920513001,0.6278627298992319
1,0.7701424711373127,0.6956521739130435,33.10384426430852,0.6150822893637927,0.1791943011545075,0.3407639400638664,0.4185703758290346,4.072402358142963,10.211864406779661,18.852247605011055,0.8173667403586342,9.242200933431588,4.385838860230901,3.9713215426185213,0.7601940555146156
2,0.08080381157304234,0.23695535233996773,27.25901022054868,0.3474986551909629,0.0074540843771613,0.01594559286866979,0.8496119265350035,2.11311765157919,2.19384461692154,1.6244908937216629,0.03269807115960962,6.822715745792669,5.280411895796512,6.664028279412895,0.1977637746868516
